id	sample	assembly	scaffold	start	end	kind	assessment_sha256
CTLK-J01	Sde-CTlk_104	Sde-CTlk_104_hap1	scaffold_1	62618168	62941917	assignment_transition	1fd4707ae4958ce31f7e95b5732e01d70686755c6a62a414b080fac24e4fd96a
CTLK-J02	Sde-CTlk_104	Sde-CTlk_104_hap1	scaffold_1	95877814	96047526	assignment_transition	1fd4707ae4958ce31f7e95b5732e01d70686755c6a62a414b080fac24e4fd96a
CTLK-J03	Sde-CTlk_104	Sde-CTlk_104_hap1	scaffold_1	115992478	116065811	assignment_transition	1fd4707ae4958ce31f7e95b5732e01d70686755c6a62a414b080fac24e4fd96a
CTLK-J04	Sde-CTlk_104	Sde-CTlk_104_hap1	scaffold_1	116171469	116221388	assignment_transition	1fd4707ae4958ce31f7e95b5732e01d70686755c6a62a414b080fac24e4fd96a
CTLK-J05	Sde-CTlk_104	Sde-CTlk_104_hap1	scaffold_5	35443804	35581476	assignment_transition	1fd4707ae4958ce31f7e95b5732e01d70686755c6a62a414b080fac24e4fd96a
CTLK-J06	Sde-CTlk_104	Sde-CTlk_104_hap2	scaffold_5	43055156	43233354	assignment_transition	121ce840edf743fb0a1c9bcc39ef210c241a585bd9e2f6dac3758176bc12ff19
CTLK-J07	Sde-CTlk_104	Sde-CTlk_104_hap2	scaffold_7	39549503	39688365	assignment_transition	121ce840edf743fb0a1c9bcc39ef210c241a585bd9e2f6dac3758176bc12ff19
CTLK-H01	Sde-CTlk_104	Sde-CTlk_104_hap1	scaffold_1	63051203	63051334	historical_switch	1fd4707ae4958ce31f7e95b5732e01d70686755c6a62a414b080fac24e4fd96a
CTLK-H02	Sde-CTlk_104	Sde-CTlk_104_hap1	scaffold_1	94151483	95221878	historical_switch	1fd4707ae4958ce31f7e95b5732e01d70686755c6a62a414b080fac24e4fd96a
CTLK-H03	Sde-CTlk_104	Sde-CTlk_104_hap2	scaffold_5	54123484	54123676	historical_switch	121ce840edf743fb0a1c9bcc39ef210c241a585bd9e2f6dac3758176bc12ff19
CTLK-H04	Sde-CTlk_104	Sde-CTlk_104_hap2	scaffold_7	46160462	46160583	historical_switch	121ce840edf743fb0a1c9bcc39ef210c241a585bd9e2f6dac3758176bc12ff19
