assembly	coordinate_stage	assessment_sha256	assessment_fasta	coordinate_audit	candidate_count	value_status
Sde-CBau_104_hap1	pre_finishing	ed3bcc0aa9214c1677529fe427897ee7c89fced8d7fc41753d7e849471c8f145	assembly/assessment/Sde-CBau_104_hap1.fasta	assembly/chimeras/Sde-CBau_104_hap1.coordinate_audit.tsv	0	Example registry
Sde-CBau_104_hap2	pre_finishing	130ecc7b50f5ac960896de2248e3440a86e49ff475fc81a46e3466eb64b42bd6	assembly/assessment/Sde-CBau_104_hap2.fasta	assembly/chimeras/Sde-CBau_104_hap2.coordinate_audit.tsv	0	Example registry
Sde-CLim_110_hap1	pre_finishing	287471668befe2393d2df878333d22f540a33841971b9e7607fd22a698caf206	assembly/assessment/Sde-CLim_110_hap1.fasta	assembly/chimeras/Sde-CLim_110_hap1.coordinate_audit.tsv	0	Example registry
Sde-CLim_110_hap2	pre_finishing	0307c601c704c3bd99c872b1ace6bf82042e8031bdc259474fef63e82b39610c	assembly/assessment/Sde-CLim_110_hap2.fasta	assembly/chimeras/Sde-CLim_110_hap2.coordinate_audit.tsv	0	Example registry
Sde-CMat_203_hap1	pre_finishing	612ed52a58a3c21e60bac327388b858d50ff8356896b5ac46b13c89c05de10e5	assembly/assessment/Sde-CMat_203_hap1.fasta	assembly/chimeras/Sde-CMat_203_hap1.coordinate_audit.tsv	0	Example registry
Sde-CMat_203_hap2	pre_finishing	4ffffdcafb3bcb4dbf5df321fc8c46228d8675488aea9eef2a4bf553cd57fe1f	assembly/assessment/Sde-CMat_203_hap2.fasta	assembly/chimeras/Sde-CMat_203_hap2.coordinate_audit.tsv	0	Example registry
Sde-CPla_115_hap1	pre_finishing	2e81f9cc5288185ae149c249a98f76192b8db14b1a590e0f66312fc73bf07d67	assembly/assessment/Sde-CPla_115_hap1.fasta	assembly/chimeras/Sde-CPla_115_hap1.coordinate_audit.tsv	0	Example registry
Sde-CPla_115_hap2	pre_finishing	2e84fff335c632581999f17f08987369a547b353330b5207048aaac388eff242	assembly/assessment/Sde-CPla_115_hap2.fasta	assembly/chimeras/Sde-CPla_115_hap2.coordinate_audit.tsv	0	Example registry
Sde-CTlk_104_hap1	pre_finishing	1fd4707ae4958ce31f7e95b5732e01d70686755c6a62a414b080fac24e4fd96a	assembly/assessment/Sde-CTlk_104_hap1.fasta	assembly/chimeras/Sde-CTlk_104_hap1.coordinate_audit.tsv	6	Example registry
Sde-CTlk_104_hap2	pre_finishing	121ce840edf743fb0a1c9bcc39ef210c241a585bd9e2f6dac3758176bc12ff19	assembly/assessment/Sde-CTlk_104_hap2.fasta	assembly/chimeras/Sde-CTlk_104_hap2.coordinate_audit.tsv	2	Example registry
