assembly	length_mb	scaffolds	n50_mb	busco_complete_pct	qv	kmer_complete_pct	chromosomes	composites	coverage	largest_mb
Sde-CBau_104_hap1	945.0	180	65.1	98.1	53.1	98.1	14	0	28	72.0
Sde-CBau_104_hap2	947.1	184	65.6	98.17999999999999	53.4	98.16	14	0	29	72.5
Sde-CLim_110_hap1	949.2	188	66.1	98.25999999999999	53.7	98.22	14	0	30	73.0
Sde-CLim_110_hap2	951.3	192	66.6	98.33999999999999	54.0	98.28	14	0	31	73.5
Sde-CMat_203_hap1	953.4	196	67.1	98.41999999999999	54.300000000000004	98.33999999999999	14	0	32	74.0
Sde-CMat_203_hap2	955.5	200	67.6	98.5	54.6	98.39999999999999	14	0	33	74.5
Sde-CPla_115_hap1	957.6	688	33.0	96.2	47.2	98.46	10	0	34	75.0
Sde-CPla_115_hap2	959.7	701	33.3	96.2	47.2	98.52	10	0	35	75.5
Sde-CTlk_104_hap1	953.57	362	71.71	98.74	55.5	98.58	12	2	36	138.45
Sde-CTlk_104_hap2	1065.35	345	82.88	98.82	55.800000000000004	98.64	12	2	37	101.3
